     310	Jaco Greeff <jacogr@gmail.com>
     284	Mich <49607867+dubstard@users.noreply.github.com>
      71	michalisFr <45905709+michalisFr@users.noreply.github.com>
      64	mhusnirizal <mochhusnir@gmail.com>
      24	Bill Laboon <laboon@users.noreply.github.com>
      17	frankywild <95406158+frankywild@users.noreply.github.com>
       9	Dan Shields <35669742+NukeManDan@users.noreply.github.com>
       8	grizzly375 <85408734+grizzly375@users.noreply.github.com>
       6	ccris02 <66147586+net-null@users.noreply.github.com>
       6	Florian Franzen <Florian.Franzen@gmail.com>
       4	NYMETVA <67924964+nymetva@users.noreply.github.com>
       3	brettkolodny <brettkolodny@gmail.com>
       3	Samuel MC <41550952+BraveSam@users.noreply.github.com>
       2	paradoxxx-tt <79228812+paradoxxx-tt@users.noreply.github.com>
       2	SimonKraus <kraus_simon@t-online.de>
       1	Christina-Marie A Miyar <christinammiyar@gmail.com>
       1	Danny Salman <salman.danny03@hotmail.com>
       1	Dudley <5631021+dud1337@users.noreply.github.com>
       1	Graham Dixon <graham@gdixon.co.uk>
       1	hhanson4 <89219390+hhanson4@users.noreply.github.com>
       1	Idi Eradiri <joppa27@users.noreply.github.com>
       1	Justin Pham <justin.phamnz@gmail.com>
       1	Keegan | W3F <35080151+radioactivedrummer@users.noreply.github.com>
       1	Mark Crince <markcrince@gmail.com>
       1	Nathan Quarles <nateq314@gmail.com>
       1	Nikhil Ranjan <niklabh811@gmail.com>
       1	Thibaut Sardan <33178835+Tbaut@users.noreply.github.com>